##culture:mono#seed:6#rep:5#mu:(0.0003, 0)#cycles:10#init_R:(1500, 1000, 0)#init_n:(10, 0)#init_lag:(1, 0)#Ta:5#alpha:(3, 0)#mut_func:null#max_lag_change:(1.1, 0)
##init_pop:1000#duration:5
seed,culture,rep,cycle,frac,duration
6,mono,0,0,0.013440843113687238,5
6,mono,0,1,0.013440843113687238,5
6,mono,0,2,0.013440843113687238,5
6,mono,0,3,0.013521513532455615,5
6,mono,0,4,0.013848577892051841,5
6,mono,0,5,0.01536116878922167,5
6,mono,0,6,0.021993610152247788,5
6,mono,0,7,0.0430725171660334,5
6,mono,0,8,0.07331220079249884,5
6,mono,0,9,0.08912240117766519,5
6,mono,1,0,0.013440843113687238,5
6,mono,1,1,0.013440843113687238,5
6,mono,1,2,0.013524837221859518,5
6,mono,1,3,0.013861527796219731,5
6,mono,1,4,0.015514725482600923,5
6,mono,1,5,0.022932110514839843,5
6,mono,1,6,0.04631148805249462,5
6,mono,1,7,0.07787164062387518,5
6,mono,1,8,0.09306589992142185,5
6,mono,1,9,0.09698413921231028,5
6,mono,2,0,0.013440843113687238,5
6,mono,2,1,0.013440843113687238,5
6,mono,2,2,0.013440843113687238,5
6,mono,2,3,0.013440843113687238,5
6,mono,2,4,0.013440843113687238,5
6,mono,2,5,0.01353059897177377,5
6,mono,2,6,0.013919066017411079,5
6,mono,2,7,0.015854456305179187,5
6,mono,2,8,0.024742331638804762,5
6,mono,2,9,0.05206983866407471,5
6,mono,3,0,0.013440843113687238,5
6,mono,3,1,0.013440843113687238,5
6,mono,3,2,0.013440843113687238,5
6,mono,3,3,0.013440843113687238,5
6,mono,3,4,0.013440843113687238,5
6,mono,3,5,0.013440843113687238,5
6,mono,3,6,0.013440843113687238,5
6,mono,3,7,0.013494747743400082,5
6,mono,3,8,0.013646508593962726,5
6,mono,3,9,0.014274766608720558,5
6,mono,4,0,0.01347458867334151,5
6,mono,4,1,0.013537987260178939,5
6,mono,4,2,0.013719509866311062,5
6,mono,4,3,0.014232248157176882,5
6,mono,4,4,0.015626803310737583,5
6,mono,4,5,0.019059840240817624,5
6,mono,4,6,0.02577742974935609,5
6,mono,4,7,0.0345113013918836,5
6,mono,4,8,0.04136555548090411,5
6,mono,4,9,0.0449149892567837,5
