culture,met,rep,frac_slope
co,1,0,0.11244335652976561
co,1,1,0.11109729809892407
co,1,2,0.12614999455188003
co,1,3,0.11725006655451077
co,1,4,0.12024968325261534
co,1,5,0.11899651588743401
co,1,6,0.11936490470078653
co,1,7,0.11876830555339382
co,1,8,0.11301805835880924
co,1,9,0.11659269183914746
